"originalID","Location","Data"
1,"Afghanistan","WTO"
1,"Afghanistan","OAG"
1,"Afghanistan","Huang2013"
1,"Afghanistan","demography"
1,"Albania","contact"
1,"Afghanistan","coverage"
2,"Albania","WTO"
2,"Albania","OAG"
2,"Albania","Huang2013"
2,"Albania","demography"
2,"Algeria","contact"
2,"Albania","coverage"
3,"Algeria","WTO"
3,"Algeria","OAG"
3,"Algeria","Huang2013"
3,"Algeria","demography"
3,"Andorra","contact"
3,"Algeria","coverage"
4,"American_Samoa","WTO"
4,"American_Samoa","OAG"
4,"Angola","Huang2013"
4,"Angola","demography"
4,"Antigua and Barbuda","contact"
4,"Andorra","coverage"
5,"Andorra","WTO"
5,"Andorra","OAG"
5,"Argentina","Huang2013"
5,"Antigua and Barbuda","demography"
5,"Argentina","contact"
5,"Angola","coverage"
6,"Angola","WTO"
6,"Angola","OAG"
6,"Armenia","Huang2013"
6,"Argentina","demography"
6,"Armenia","contact"
6,"Antigua & Barbuda","coverage"
7,"Antigua_Barbuda","WTO"
7,"Antigua_Barbuda","OAG"
7,"Aruba","Huang2013"
7,"Armenia","demography"
7,"Australia","contact"
7,"Argentina","coverage"
8,"Argentina","WTO"
8,"Argentina","OAG"
8,"Australia","Huang2013"
8,"Aruba","demography"
8,"Austria","contact"
8,"Armenia","coverage"
9,"Armenia","WTO"
9,"Armenia","OAG"
9,"Austria","Huang2013"
9,"Australia","demography"
9,"Azerbaijan","contact"
9,"Azerbaijan","coverage"
10,"Aruba","WTO"
10,"Aruba","OAG"
10,"Azerbaijan","Huang2013"
10,"Austria","demography"
10,"Bahamas","contact"
10,"Bahamas","coverage"
11,"Australia","WTO"
11,"Australia","OAG"
11,"Bahamas","Huang2013"
11,"Azerbaijan","demography"
11,"Bahrain","contact"
11,"Bahrain","coverage"
12,"Austria","WTO"
12,"Austria","OAG"
12,"Bangladesh","Huang2013"
12,"Bahamas","demography"
12,"Bangladesh","contact"
12,"Bangladesh","coverage"
13,"Azerbaijan","WTO"
13,"Azerbaijan","OAG"
13,"Belarus","Huang2013"
13,"Bahrain","demography"
13,"Belarus","contact"
13,"Barbados","coverage"
14,"Bahrain","WTO"
14,"Bahrain","OAG"
14,"Belgium","Huang2013"
14,"Bangladesh","demography"
14,"Belgium","contact"
14,"Belarus","coverage"
15,"Bangladesh","WTO"
15,"Bangladesh","OAG"
15,"Benin","Huang2013"
15,"Barbados","demography"
15,"Belize","contact"
15,"Benin","coverage"
16,"Barbados","WTO"
16,"Barbados","OAG"
16,"Bolivia","Huang2013"
16,"Belarus","demography"
16,"Benin","contact"
16,"Bhutan","coverage"
17,"Belarus","WTO"
17,"Belarus","OAG"
17,"Bosnia and Herzegovina","Huang2013"
17,"Belgium","demography"
17,"Bhutan","contact"
17,"Bolivia","coverage"
18,"Belgium","WTO"
18,"Belgium","OAG"
18,"Botswana","Huang2013"
18,"Belize","demography"
18,"Bolivia (Plurinational State of","contact"
18,"Bosnia & Herzegovina","coverage"
19,"Belize","WTO"
19,"Belize","OAG"
19,"Brazil","Huang2013"
19,"Benin","demography"
19,"Bosnia and Herzegovina","contact"
19,"Botswana","coverage"
20,"Benin","WTO"
20,"Benin","OAG"
20,"Bulgaria","Huang2013"
20,"Bhutan","demography"
20,"Botswana","contact"
20,"Brazil","coverage"
21,"Bermuda","WTO"
21,"Bermuda","OAG"
21,"Burkina Faso","Huang2013"
21,"Bolivia (Plurinational State of)","demography"
21,"Brazil","contact"
21,"Brunei Darussalam","coverage"
22,"Bhutan","WTO"
22,"Bhutan","OAG"
22,"Burma","Huang2013"
22,"Bosnia and Herzegovina","demography"
22,"Brunei Darussalam","contact"
22,"Bulgaria","coverage"
23,"Bolivia","WTO"
23,"Bolivia","OAG"
23,"Burundi","Huang2013"
23,"Botswana","demography"
23,"Bulgaria","contact"
23,"Burkina Faso","coverage"
24,"Bosnia_Herzegovina","WTO"
24,"Bosnia_Gerzegovina","OAG"
24,"Cambodia","Huang2013"
24,"Brazil","demography"
24,"Burkina Faso","contact"
24,"Burundi","coverage"
25,"Botswana","WTO"
25,"Botswana","OAG"
25,"Cameroon","Huang2013"
25,"Brunei Darussalam","demography"
25,"Cabo Verde","contact"
25,"Cambodia","coverage"
26,"Brazil","WTO"
26,"Brazil","OAG"
26,"Canada","Huang2013"
26,"Bulgaria","demography"
26,"Cambodia","contact"
26,"Cameroon","coverage"
27,"Bulgaria","WTO"
27,"Bulgaria","OAG"
27,"Cape Verde","Huang2013"
27,"Burkina Faso","demography"
27,"Cameroon","contact"
27,"Cape Verde","coverage"
28,"Burkina_Faso","WTO"
28,"Burkina_Faso","OAG"
28,"Central African Republic","Huang2013"
28,"Burundi","demography"
28,"Canada","contact"
28,"Central African Republic","coverage"
29,"Burma","WTO"
29,"Burma","OAG"
29,"Chad","Huang2013"
29,"Cabo Verde","demography"
29,"Chile","contact"
29,"Chad","coverage"
30,"Burundi","WTO"
30,"Burundi","OAG"
30,"Chile","Huang2013"
30,"Cambodia","demography"
30,"China","contact"
30,"China","coverage"
31,"Cambodia","WTO"
31,"Cambodia","OAG"
31,"China","Huang2013"
31,"Cameroon","demography"
31,"Colombia","contact"
31,"Colombia","coverage"
32,"Cameroon","WTO"
32,"Cameroon","OAG"
32,"Colombia","Huang2013"
32,"Canada","demography"
32,"Congo","contact"
32,"Comoros","coverage"
33,"Canada","WTO"
33,"Canada","OAG"
33,"Comoros","Huang2013"
33,"Central African Republic","demography"
33,"Costa Rica","contact"
33,"Congo","coverage"
34,"Cape_Verde","WTO"
34,"Cape_Verde","OAG"
34,"Congo (Brazzaville)","Huang2013"
34,"Chad","demography"
34,"Croatia","contact"
34,"Costa Rica","coverage"
35,"Cayman_Islands","WTO"
35,"Cayman_Islands","OAG"
35,"Congo (Kinshasa)","Huang2013"
35,"Channel Islands","demography"
35,"Cyprus","contact"
35,"Côte d’Ivoire","coverage"
36,"Centr_African_Rep","WTO"
36,"Centr_African_Rep","OAG"
36,"Cook Islands","Huang2013"
36,"Chile","demography"
36,"Czech Republic","contact"
36,"Croatia","coverage"
37,"Chad","WTO"
37,"Chad","OAG"
37,"Costa Rica","Huang2013"
37,"China","demography"
37,"Denmark","contact"
37,"Cuba","coverage"
38,"Chile","WTO"
38,"Chile","OAG"
38,"Cote d'Ivoire","Huang2013"
38,"China, Hong Kong SAR","demography"
38,"Dominican Republic","contact"
38,"Cyprus","coverage"
39,"China","WTO"
39,"China","OAG"
39,"Croatia","Huang2013"
39,"China, Macao SAR","demography"
39,"Ecuador","contact"
39,"Czech Republic","coverage"
40,"Colombia","WTO"
40,"Colombia","OAG"
40,"Cuba","Huang2013"
40,"China, Taiwan Province of China","demography"
40,"Egypt","contact"
40,"Djibouti","coverage"
41,"Comoros","WTO"
41,"Comoros","OAG"
41,"Czech Republic","Huang2013"
41,"Colombia","demography"
41,"El Salvador","contact"
41,"Dominica","coverage"
42,"Congo_Brazzaville","WTO"
42,"Congo_Brazzaville","OAG"
42,"Denmark","Huang2013"
42,"Comoros","demography"
42,"Estonia","contact"
42,"Dominican Republic","coverage"
43,"Congo_Dem_Rep","WTO"
43,"Congo_Dem_Rep","OAG"
43,"Djibouti","Huang2013"
43,"Congo","demography"
43,"Ethiopia","contact"
43,"DPR of Korea","coverage"
44,"Costa_Rica","WTO"
44,"Costa_Rica","OAG"
44,"Dominican Republic","Huang2013"
44,"Costa Rica","demography"
44,"Fiji","contact"
44,"DR of the Congo","coverage"
45,"Cote_dIvore","WTO"
45,"Cote_dIvore","OAG"
45,"East Timor","Huang2013"
45,"Côte d'Ivoire","demography"
45,"Finland","contact"
45,"Ecuador","coverage"
46,"Croatia","WTO"
46,"Croatia","OAG"
46,"Ecuador","Huang2013"
46,"Croatia","demography"
46,"France","contact"
46,"Egypt","coverage"
47,"Cuba","WTO"
47,"Cuba","OAG"
47,"Egypt","Huang2013"
47,"Cuba","demography"
47,"Georgia","contact"
47,"El Salvador","coverage"
48,"Cyprus","WTO"
48,"Cyprus","OAG"
48,"Equatorial Guinea","Huang2013"
48,"Curaçao","demography"
48,"Germany","contact"
48,"Equatorial Guinea","coverage"
49,"Czech_Republic","WTO"
49,"Czech_Republic","OAG"
49,"Eritrea","Huang2013"
49,"Cyprus","demography"
49,"Ghana","contact"
49,"Eritrea","coverage"
50,"Denmark","WTO"
50,"Denmark","OAG"
50,"Estonia","Huang2013"
50,"Czechia","demography"
50,"Greece","contact"
50,"Estonia","coverage"
51,"Djibouti","WTO"
51,"Djibouti","OAG"
51,"Ethiopia","Huang2013"
51,"Democratic Republic of the Congo","demography"
51,"Guatemala","contact"
51,"Ethiopia","coverage"
52,"Dominica","WTO"
52,"Dominica","OAG"
52,"Fiji","Huang2013"
52,"Dem. People's Republic of Korea","demography"
52,"Guinea","contact"
52,"Fiji","coverage"
53,"Dominican_Republic","WTO"
53,"Dominican_Republic","OAG"
53,"Finland","Huang2013"
53,"Denmark","demography"
53,"Guyana","contact"
53,"French Polynesia","coverage"
54,"Ecuador","WTO"
54,"Ecuador","OAG"
54,"France","Huang2013"
54,"Djibouti","demography"
54,"Haiti","contact"
54,"Gabon","coverage"
55,"Egypt","WTO"
55,"Egypt","OAG"
55,"French Polynesia","Huang2013"
55,"Dominican Republic","demography"
55,"Honduras","contact"
55,"Gambia","coverage"
56,"El_Salvador","WTO"
56,"El_Salvador","OAG"
56,"Gabon","Huang2013"
56,"Ecuador","demography"
56,"Hong Kong SAR, China","contact"
56,"Georgia","coverage"
57,"Equatorial_Guinea","WTO"
57,"Equatorial_Guinea","OAG"
57,"Georgia","Huang2013"
57,"Egypt","demography"
57,"Hungary","contact"
57,"Ghana","coverage"
58,"Eritrea","WTO"
58,"Eritrea","OAG"
58,"Germany","Huang2013"
58,"El Salvador","demography"
58,"Iceland","contact"
58,"Grenada","coverage"
59,"Estonia","WTO"
59,"Estonia","OAG"
59,"Ghana","Huang2013"
59,"Equatorial Guinea","demography"
59,"India","contact"
59,"Guatemala","coverage"
60,"Ethiopia","WTO"
60,"Ethiopia","OAG"
60,"Greece","Huang2013"
60,"Eritrea","demography"
60,"Indonesia","contact"
60,"Guinea","coverage"
61,"Faroe_Islands","WTO"
61,"Faroe_Islands","OAG"
61,"Guadeloupe","Huang2013"
61,"Estonia","demography"
61,"Iran (Islamic Republic of)","contact"
61,"Guinea-Bissau","coverage"
62,"Fiji","WTO"
62,"Fiji","OAG"
62,"Guam","Huang2013"
62,"Ethiopia","demography"
62,"Iraq","contact"
62,"Guyana","coverage"
63,"Finland","WTO"
63,"Finland","OAG"
63,"Guatemala","Huang2013"
63,"Fiji","demography"
63,"Ireland","contact"
63,"Haiti","coverage"
64,"France","WTO"
64,"France","OAG"
64,"Guinea","Huang2013"
64,"Finland","demography"
64,"Israel","contact"
64,"Honduras","coverage"
65,"French_Guiana","WTO"
65,"French_Guiana","OAG"
65,"Guyana","Huang2013"
65,"France","demography"
65,"Italy","contact"
65,"Hungary","coverage"
66,"French_Polynesia","WTO"
66,"French_Polynesia","OAG"
66,"Haiti","Huang2013"
66,"French Guiana","demography"
66,"Jamaica","contact"
66,"India","coverage"
67,"Gabon","WTO"
67,"Gabon","OAG"
67,"Honduras","Huang2013"
67,"French Polynesia","demography"
67,"Japan","contact"
67,"Indonesia","coverage"
68,"Gambia","WTO"
68,"Gambia","OAG"
68,"Hong Kong","Huang2013"
68,"Gabon","demography"
68,"Jordan","contact"
68,"Iran (Islamic Republic of)","coverage"
69,"Georgia","WTO"
69,"Georgia","OAG"
69,"Hungary","Huang2013"
69,"Gambia","demography"
69,"Kazakhstan","contact"
69,"Iraq","coverage"
70,"Germany","WTO"
70,"Germany","OAG"
70,"Iceland","Huang2013"
70,"Georgia","demography"
70,"Kenya","contact"
70,"Israel","coverage"
71,"Ghana","WTO"
71,"Ghana","OAG"
71,"India","Huang2013"
71,"Germany","demography"
71,"Kiribati","contact"
71,"Jamaica","coverage"
72,"Gibraltar","WTO"
72,"Gibraltar","OAG"
72,"Indonesia","Huang2013"
72,"Ghana","demography"
72,"Kuwait","contact"
72,"Jordan","coverage"
73,"Greece","WTO"
73,"Greece","OAG"
73,"Iran","Huang2013"
73,"Greece","demography"
73,"Kyrgyzstan","contact"
73,"Kazakhstan","coverage"
74,"Greenland","WTO"
74,"Greenland","OAG"
74,"Iraq","Huang2013"
74,"Grenada","demography"
74,"Lao People's Democratic Republi","contact"
74,"Kenya","coverage"
75,"Grenada","WTO"
75,"Grenada","OAG"
75,"Ireland","Huang2013"
75,"Guadeloupe","demography"
75,"Latvia","contact"
75,"Kiribati","coverage"
76,"Guadeloupe","WTO"
76,"Guadeloupe","OAG"
76,"Israel","Huang2013"
76,"Guam","demography"
76,"Lebanon","contact"
76,"Kuwait","coverage"
77,"Guam","WTO"
77,"Guam","OAG"
77,"Italy","Huang2013"
77,"Guatemala","demography"
77,"Lesotho","contact"
77,"Kyrgyzstan","coverage"
78,"Guatemala","WTO"
78,"Guatemala","OAG"
78,"Jamaica","Huang2013"
78,"Guinea","demography"
78,"Liberia","contact"
78,"Lao People’s Democratic Republic","coverage"
79,"Guernsey","WTO"
79,"Guernsey","OAG"
79,"Japan","Huang2013"
79,"Guinea-Bissau","demography"
79,"Lithuania","contact"
79,"Latvia","coverage"
80,"Guinea","WTO"
80,"Guinea","OAG"
80,"Jordan","Huang2013"
80,"Guyana","demography"
80,"Luxembourg","contact"
80,"Lebanon","coverage"
81,"Guinea-Bissau","WTO"
81,"Guinea-Bissau","OAG"
81,"Kazakhstan","Huang2013"
81,"Haiti","demography"
81,"Malaysia","contact"
81,"Lesotho","coverage"
82,"Guyana","WTO"
82,"Guyana","OAG"
82,"Kenya","Huang2013"
82,"Honduras","demography"
82,"Maldives","contact"
82,"Liberia","coverage"
83,"Haiti","WTO"
83,"Haiti","OAG"
83,"Kyrgyzstan","Huang2013"
83,"Hungary","demography"
83,"Malta","contact"
83,"Libya","coverage"
84,"Honduras","WTO"
84,"Honduras","OAG"
84,"Laos","Huang2013"
84,"Iceland","demography"
84,"Mauritania","contact"
84,"Lithuania","coverage"
85,"Hong_Kong","WTO"
85,"Hong_Kong","OAG"
85,"Latvia","Huang2013"
85,"India","demography"
85,"Mauritius","contact"
85,"Macao (China)","coverage"
86,"Hungary","WTO"
86,"Hungary","OAG"
86,"Lebanon","Huang2013"
86,"Indonesia","demography"
86,"Mexico","contact"
86,"Madagascar","coverage"
87,"Iceland","WTO"
87,"Iceland","OAG"
87,"Lesotho","Huang2013"
87,"Iran (Islamic Republic of)","demography"
87,"Monaco","contact"
87,"Malawi","coverage"
88,"India","WTO"
88,"India","OAG"
88,"Liberia","Huang2013"
88,"Iraq","demography"
88,"Mongolia","contact"
88,"Malaysia","coverage"
89,"Indonesia","WTO"
89,"Indonesia","OAG"
89,"Libya","Huang2013"
89,"Ireland","demography"
89,"Montenegro","contact"
89,"Maldives","coverage"
90,"Iran","WTO"
90,"Iran","OAG"
90,"Lithuania","Huang2013"
90,"Israel","demography"
90,"Morocco","contact"
90,"Mali","coverage"
91,"Iraq","WTO"
91,"Iraq","OAG"
91,"Macau","Huang2013"
91,"Italy","demography"
91,"Mozambique","contact"
91,"Marshall Islands","coverage"
92,"Ireland","WTO"
92,"Ireland","OAG"
92,"Macedonia","Huang2013"
92,"Jamaica","demography"
92,"Namibia","contact"
92,"Mauritania","coverage"
93,"Isle_of_Man","WTO"
93,"Isle_of_Man","OAG"
93,"Madagascar","Huang2013"
93,"Japan","demography"
93,"Nepal","contact"
93,"Mauritius","coverage"
94,"Israel","WTO"
94,"Israel","OAG"
94,"Malawi","Huang2013"
94,"Jordan","demography"
94,"Netherlands","contact"
94,"Micronesia (Federated States of)","coverage"
95,"Italy","WTO"
95,"Italy","OAG"
95,"Malaysia","Huang2013"
95,"Kazakhstan","demography"
95,"New Zealand","contact"
95,"Monaco","coverage"
96,"Jamaica","WTO"
96,"Jamaica","OAG"
96,"Maldives","Huang2013"
96,"Kenya","demography"
96,"Nicaragua","contact"
96,"Mongolia","coverage"
97,"Japan","WTO"
97,"Japan","OAG"
97,"Mali","Huang2013"
97,"Kiribati","demography"
97,"Niger","contact"
97,"Montenegro","coverage"
98,"Jersey","WTO"
98,"Jersey","OAG"
98,"Malta","Huang2013"
98,"Kuwait","demography"
98,"Nigeria","contact"
98,"Morocco","coverage"
99,"Jordan","WTO"
99,"Jordan","OAG"
99,"Mauritania","Huang2013"
99,"Kyrgyzstan","demography"
99,"Oman","contact"
99,"Mozambique","coverage"
100,"Kazakhstan","WTO"
100,"Kazakhstan","OAG"
100,"Mexico","Huang2013"
100,"Lao People's Democratic Republic","demography"
100,"Pakistan","contact"
100,"Myanmar","coverage"
101,"Kenya","WTO"
101,"Kenya","OAG"
101,"Moldova","Huang2013"
101,"Latvia","demography"
101,"Panama","contact"
101,"Namibia","coverage"
102,"Kiribati","WTO"
102,"Kiribati","OAG"
102,"Mongolia","Huang2013"
102,"Lebanon","demography"
102,"Paraguay","contact"
102,"Nepal","coverage"
103,"Kuwait","WTO"
103,"Kuwait","OAG"
103,"Montenegro","Huang2013"
103,"Lesotho","demography"
103,"Peru","contact"
103,"New Caledonia","coverage"
104,"Kyrgyzstan","WTO"
104,"Kyrgyzstan","OAG"
104,"Morocco","Huang2013"
104,"Liberia","demography"
104,"Philippines","contact"
104,"Nicaragua","coverage"
105,"Laos","WTO"
105,"Laos","OAG"
105,"Mozambique","Huang2013"
105,"Libya","demography"
105,"Poland","contact"
105,"Niger","coverage"
106,"Latvia","WTO"
106,"Latvia","OAG"
106,"Namibia","Huang2013"
106,"Lithuania","demography"
106,"Portugal","contact"
106,"Nigeria","coverage"
107,"Lebanon","WTO"
107,"Lebanon","OAG"
107,"Nepal","Huang2013"
107,"Luxembourg","demography"
107,"Qatar","contact"
107,"Norway","coverage"
108,"Lesotho","WTO"
108,"Lesotho","OAG"
108,"Netherlands","Huang2013"
108,"Madagascar","demography"
108,"Republic of Korea","contact"
108,"Oman","coverage"
109,"Liberia","WTO"
109,"Liberia","OAG"
109,"New Zealand","Huang2013"
109,"Malawi","demography"
109,"Romania","contact"
109,"Pakistan","coverage"
110,"Libya","WTO"
110,"Libya","OAG"
110,"Nicaragua","Huang2013"
110,"Malaysia","demography"
110,"Russian Federation","contact"
110,"Palau","coverage"
111,"Liechtenstein","WTO"
111,"Liechtenstein","OAG"
111,"Niger","Huang2013"
111,"Maldives","demography"
111,"Rwanda","contact"
111,"Panama","coverage"
112,"Lithuania","WTO"
112,"Lithuania","OAG"
112,"Nigeria","Huang2013"
112,"Mali","demography"
112,"Saint Lucia","contact"
112,"Papua New Guinea","coverage"
113,"Luxembourg","WTO"
113,"Luxembourg","OAG"
113,"North Korea","Huang2013"
113,"Malta","demography"
113,"Samoa","contact"
113,"Paraguay","coverage"
114,"Macao","WTO"
114,"Macao","OAG"
114,"Norway","Huang2013"
114,"Martinique","demography"
114,"Sao Tome and Principe ","contact"
114,"Peru","coverage"
115,"Macedonia","WTO"
115,"Macedonia","OAG"
115,"Oman","Huang2013"
115,"Mauritania","demography"
115,"Saudi Arabia","contact"
115,"Philippines","coverage"
116,"Madagascar","WTO"
116,"Madagascar","OAG"
116,"Pakistan","Huang2013"
116,"Mauritius","demography"
116,"Senegal","contact"
116,"Poland","coverage"
117,"Malawi","WTO"
117,"Malawi","OAG"
117,"Panama","Huang2013"
117,"Mayotte","demography"
117,"Serbia","contact"
117,"Qatar","coverage"
118,"Malaysia","WTO"
118,"Malaysia","OAG"
118,"Papua New Guinea","Huang2013"
118,"Mexico","demography"
118,"Seychelles","contact"
118,"Republic of Moldova","coverage"
119,"Maldives","WTO"
119,"Maldives","OAG"
119,"Paraguay","Huang2013"
119,"Micronesia (Fed. States of)","demography"
119,"Sierra Leone","contact"
119,"Romania","coverage"
120,"Mali","WTO"
120,"Mali","OAG"
120,"Peru","Huang2013"
120,"Mongolia","demography"
120,"Singapore","contact"
120,"Russian Federation","coverage"
121,"Malta","WTO"
121,"Malta","OAG"
121,"Philippines","Huang2013"
121,"Montenegro","demography"
121,"Slovakia","contact"
121,"Rwanda","coverage"
122,"Marshall_Islands","WTO"
122,"Marshall_Islands","OAG"
122,"Poland","Huang2013"
122,"Morocco","demography"
122,"Slovenia","contact"
122,"Samoa","coverage"
123,"Martinique","WTO"
123,"Martinique","OAG"
123,"Portugal","Huang2013"
123,"Mozambique","demography"
123,"Solomon Islands","contact"
123,"San Marino","coverage"
124,"Mauritania","WTO"
124,"Mauritania","OAG"
124,"Puerto Rico","Huang2013"
124,"Myanmar","demography"
124,"South Africa","contact"
124,"Sao Tome and Principe","coverage"
125,"Mauritius","WTO"
125,"Mauritius","OAG"
125,"Qatar","Huang2013"
125,"Namibia","demography"
125,"Spain","contact"
125,"Saudi Arabia","coverage"
126,"Mexico","WTO"
126,"Mexico","OAG"
126,"Reunion","Huang2013"
126,"Nepal","demography"
126,"Sri Lanka","contact"
126,"Senegal","coverage"
127,"Micronesia","WTO"
127,"Micronesia","OAG"
127,"Romania","Huang2013"
127,"Netherlands","demography"
127,"Suriname","contact"
127,"Serbia","coverage"
128,"Moldova","WTO"
128,"Moldova","OAG"
128,"Russia","Huang2013"
128,"New Caledonia","demography"
128,"Sweden","contact"
128,"Seychelles","coverage"
129,"Monaco","WTO"
129,"Monaco","OAG"
129,"Rwanda","Huang2013"
129,"New Zealand","demography"
129,"Switzerland","contact"
129,"Sierra Leone","coverage"
130,"Mongolia","WTO"
130,"Mongolia","OAG"
130,"Sao Tome and Principe","Huang2013"
130,"Nicaragua","demography"
130,"Syrian Arab Republic","contact"
130,"Singapore","coverage"
131,"Montserrat","WTO"
131,"Montserrat","OAG"
131,"Saudi Arabia","Huang2013"
131,"Niger","demography"
131,"Taiwan","contact"
131,"Slovakia","coverage"
132,"Morocco","WTO"
132,"Morocco","OAG"
132,"Senegal","Huang2013"
132,"Nigeria","demography"
132,"Tajikistan","contact"
132,"Slovenia","coverage"
133,"Mozambique","WTO"
133,"Mozambique","OAG"
133,"Serbia","Huang2013"
133,"Norway","demography"
133,"TFYR of Macedonia","contact"
133,"Solomon Islands","coverage"
134,"Namibia","WTO"
134,"Namibia","OAG"
134,"Sierra Leone","Huang2013"
134,"Oman","demography"
134,"Thailand","contact"
134,"Somalia","coverage"
135,"Nepal","WTO"
135,"Nepal","OAG"
135,"Singapore","Huang2013"
135,"Pakistan","demography"
135,"Timor-Leste","contact"
135,"South Africa","coverage"
136,"Netherlands","WTO"
136,"Netherlands","OAG"
136,"Slovakia","Huang2013"
136,"Panama","demography"
136,"Tonga","contact"
136,"South Sudan","coverage"
137,"Netherlands_Antilles","WTO"
137,"Netherlands_Antilles","OAG"
137,"Slovenia","Huang2013"
137,"Papua New Guinea","demography"
137,"Tunisia","contact"
137,"Sri Lanka","coverage"
138,"New_Caledonia","WTO"
138,"New_Caledonia","OAG"
138,"Solomon Islands","Huang2013"
138,"Paraguay","demography"
138,"Turkey","contact"
138,"St. Lucia","coverage"
139,"New_Guinea","WTO"
139,"New_Guinea","OAG"
139,"Somalia","Huang2013"
139,"Peru","demography"
139,"Uganda","contact"
139,"St. Vincent & The Grenadines","coverage"
140,"New_Zealand","WTO"
140,"New_Zealand","OAG"
140,"South Africa","Huang2013"
140,"Philippines","demography"
140,"Ukraine","contact"
140,"Sudan","coverage"
141,"Nicaragua","WTO"
141,"Nicaragua","OAG"
141,"South Korea","Huang2013"
141,"Poland","demography"
141,"United Arab Emirates","contact"
141,"Suriname","coverage"
142,"Niger","WTO"
142,"Niger","OAG"
142,"Spain","Huang2013"
142,"Portugal","demography"
142,"United Kingdom of Great Britain","contact"
142,"Swaziland","coverage"
143,"Nigeria","WTO"
143,"Nigeria","OAG"
143,"Sri Lanka","Huang2013"
143,"Puerto Rico","demography"
143,"United Republic of Tanzania","contact"
143,"Syrian Arab Republic","coverage"
144,"NKorea","WTO"
144,"NKorea","OAG"
144,"Sudan","Huang2013"
144,"Qatar","demography"
144,"United States of America","contact"
144,"Tajikistan","coverage"
145,"Northern_Mariana_Islands","WTO"
145,"Northern_Mariana_Islands","OAG"
145,"Suriname","Huang2013"
145,"Republic of Korea","demography"
145,"Uruguay","contact"
145,"Thailand","coverage"
146,"Norway","WTO"
146,"Norway","OAG"
146,"Swaziland","Huang2013"
146,"Republic of Moldova","demography"
146,"Uzbekistan","contact"
146,"The former Yugoslav Republic of Macedonia","coverage"
147,"Oman","WTO"
147,"Oman","OAG"
147,"Sweden","Huang2013"
147,"Réunion","demography"
147,"Vanuatu","contact"
147,"Timor-Leste","coverage"
148,"Pakistan","WTO"
148,"Pakistan","OAG"
148,"Switzerland","Huang2013"
148,"Romania","demography"
148,"Venezuela (Bolivarian Republic ","contact"
148,"Togo","coverage"
149,"Palau","WTO"
149,"Palau","OAG"
149,"Syria","Huang2013"
149,"Russian Federation","demography"
149,"Viet Nam","contact"
149,"Tonga","coverage"
150,"Palest_Territory","WTO"
150,"Palest_Territory","OAG"
150,"Taiwan","Huang2013"
150,"Rwanda","demography"
150,"Yemen","contact"
150,"Trinidad & Tobago","coverage"
151,"Panama","WTO"
151,"Panama","OAG"
151,"Tajikistan","Huang2013"
151,"Saint Lucia","demography"
151,"Zambia","contact"
151,"Tunisia","coverage"
152,"Paraguay","WTO"
152,"Paraguay","OAG"
152,"Tanzania","Huang2013"
152,"Saint Vincent and the Grenadines","demography"
152,"Zimbabwe","contact"
152,"Turkey","coverage"
153,"Peru","WTO"
153,"Peru","OAG"
153,"Thailand","Huang2013"
153,"Samoa","demography"
153,"Turkmenistan","coverage"
154,"Philippines","WTO"
154,"Philippines","OAG"
154,"Togo","Huang2013"
154,"Sao Tome and Principe","demography"
154,"Tuvalu","coverage"
155,"Poland","WTO"
155,"Poland","OAG"
155,"Tunisia","Huang2013"
155,"Saudi Arabia","demography"
155,"Uganda","coverage"
156,"Portugal","WTO"
156,"Portugal","OAG"
156,"Turkey","Huang2013"
156,"Senegal","demography"
156,"Ukraine","coverage"
157,"Puerto_Rico","WTO"
157,"Puerto_Rico","OAG"
157,"Turkmenistan","Huang2013"
157,"Serbia","demography"
157,"United Arab Emirates","coverage"
158,"Qatar","WTO"
158,"Reunion","OAG"
158,"Uganda","Huang2013"
158,"Seychelles","demography"
158,"United Republic of Tanzania","coverage"
159,"Reunion","WTO"
159,"Romania","OAG"
159,"Ukraine","Huang2013"
159,"Sierra Leone","demography"
159,"Uruguay","coverage"
160,"Romania","WTO"
160,"Russia","OAG"
160,"United Arab Emirates","Huang2013"
160,"Singapore","demography"
160,"Uzbekistan","coverage"
161,"Russia","WTO"
161,"Rwanda","OAG"
161,"United Kingdom","Huang2013"
161,"Slovakia","demography"
161,"Vanuatu","coverage"
162,"Rwanda","WTO"
162,"Samoa","OAG"
162,"United States","Huang2013"
162,"Slovenia","demography"
162,"Venezuela (Bolivarian Republic of)","coverage"
163,"Samoa","WTO"
163,"San_Marino","OAG"
163,"Uruguay","Huang2013"
163,"Solomon Islands","demography"
163,"Viet Nam","coverage"
164,"San_Marino","WTO"
164,"Sao_Tome_Principe","OAG"
164,"Uzbekistan","Huang2013"
164,"Somalia","demography"
164,"Yemen","coverage"
165,"Sao_Tome_Principe","WTO"
165,"Saudi_Arabia","OAG"
165,"Venezuela","Huang2013"
165,"South Africa","demography"
165,"Zambia","coverage"
166,"Saudi_Arabia","WTO"
166,"Senegal","OAG"
166,"Vietnam","Huang2013"
166,"South Sudan","demography"
166,"Zimbabwe","coverage"
167,"Senegal","WTO"
167,"Serbia","OAG"
167,"Western Sahara","Huang2013"
167,"Spain","demography"
167,"Australia","coverage"
168,"Serbia","WTO"
168,"Seychelles","OAG"
168,"Yemen","Huang2013"
168,"Sri Lanka","demography"
168,"Austria","coverage"
169,"Seychelles","WTO"
169,"Sierra_Leone","OAG"
169,"Zambia","Huang2013"
169,"State of Palestine","demography"
169,"Belgium","coverage"
170,"Sierra_Leone","WTO"
170,"Singapore","OAG"
170,"Zimbabwe","Huang2013"
170,"Sudan","demography"
170,"Belize","coverage"
171,"Singapore","WTO"
171,"Skorea","OAG"
171,"Suriname","demography"
171,"Canada","coverage"
172,"Skorea","WTO"
172,"Slovakia","OAG"
172,"Swaziland","demography"
172,"Chile","coverage"
173,"Slovakia","WTO"
173,"Slovenia","OAG"
173,"Sweden","demography"
173,"Denmark","coverage"
174,"Slovenia","WTO"
174,"Somalia","OAG"
174,"Switzerland","demography"
174,"Finland","coverage"
175,"Somalia","WTO"
175,"South_Africa","OAG"
175,"Syrian Arab Republic","demography"
175,"France","coverage"
176,"South_Africa","WTO"
176,"Spain","OAG"
176,"Tajikistan","demography"
176,"Germany","coverage"
177,"Spain","WTO"
177,"Sri_Lanka","OAG"
177,"TFYR Macedonia","demography"
177,"Greece","coverage"
178,"Sri_Lanka","WTO"
178,"St_Kitts__Nevis","OAG"
178,"Thailand","demography"
178,"Hong Kong (China)","coverage"
179,"St_Kitts__Nevis","WTO"
179,"St_Lucia","OAG"
179,"Timor-Leste","demography"
179,"Iceland","coverage"
180,"St_Lucia","WTO"
180,"St_Vincent_The_Grenadines","OAG"
180,"Togo","demography"
180,"Ireland","coverage"
181,"St_Vincent_The_Grenadines","WTO"
181,"Sudan","OAG"
181,"Tonga","demography"
181,"Italy","coverage"
182,"Sudan","WTO"
182,"Suriname","OAG"
182,"Trinidad and Tobago","demography"
182,"Japan","coverage"
183,"Suriname","WTO"
183,"Swaziland","OAG"
183,"Tunisia","demography"
183,"Luxembourg","coverage"
184,"Swaziland","WTO"
184,"Sweden","OAG"
184,"Turkey","demography"
184,"Malta","coverage"
185,"Sweden","WTO"
185,"Switzerland","OAG"
185,"Turkmenistan","demography"
185,"Mexico","coverage"
186,"Switzerland","WTO"
186,"Syria","OAG"
186,"Uganda","demography"
186,"Netherlands","coverage"
187,"Syria","WTO"
187,"Taiwan","OAG"
187,"Ukraine","demography"
187,"New Zealand","coverage"
188,"Taiwan","WTO"
188,"Tajikistan","OAG"
188,"United Arab Emirates","demography"
188,"Portugal","coverage"
189,"Tajikistan","WTO"
189,"Tanzania","OAG"
189,"United Kingdom","demography"
189,"Republic of Korea","coverage"
190,"Tanzania","WTO"
190,"Thailand","OAG"
190,"United Republic of Tanzania","demography"
190,"Spain","coverage"
191,"Thailand","WTO"
191,"The_Bahamas","OAG"
191,"United States of America","demography"
191,"Sweden","coverage"
192,"The_Bahamas","WTO"
192,"Timor_Leste","OAG"
192,"United States Virgin Islands","demography"
192,"Switzerland","coverage"
193,"Timor_Leste","WTO"
193,"Togo","OAG"
193,"Uruguay","demography"
193,"United Kingdom","coverage"
194,"Togo","WTO"
194,"Tonga","OAG"
194,"Uzbekistan","demography"
194,"U.S.A.","coverage"
195,"Tonga","WTO"
195,"Trinidad_Tobago","OAG"
195,"Vanuatu","demography"
196,"Trinidad_Tobago","WTO"
196,"Tunisia","OAG"
196,"Venezuela (Bolivarian Republic of)","demography"
197,"Tunisia","WTO"
197,"Turkey","OAG"
197,"Viet Nam","demography"
198,"Turkey","WTO"
198,"Turkmenistan","OAG"
198,"Western Sahara","demography"
199,"Turkmenistan","WTO"
199,"Turks_Caicos_Islands","OAG"
199,"Yemen","demography"
200,"Turks_Caicos_Islands","WTO"
200,"Tuvalu","OAG"
200,"Zambia","demography"
201,"Tuvalu","WTO"
201,"Uganda","OAG"
201,"Zimbabwe","demography"
202,"Uganda","WTO"
202,"Ukraine","OAG"
203,"Ukraine","WTO"
203,"United_Arab_Emirates","OAG"
204,"United_Arab_Emirates","WTO"
204,"United_Kingdom","OAG"
205,"United_Kingdom","WTO"
205,"Uruguay","OAG"
206,"Uruguay","WTO"
206,"USA","OAG"
207,"USA","WTO"
207,"Uzbekistan","OAG"
208,"Uzbekistan","WTO"
208,"Vanuatu","OAG"
209,"Vanuatu","WTO"
209,"Venezuela","OAG"
210,"Venezuela","WTO"
210,"Vietnam","OAG"
211,"Vietnam","WTO"
211,"Virgin_Islands_UK","OAG"
212,"Virgin_Islands_UK","WTO"
212,"Virgin_Islands_US","OAG"
213,"Virgin_Islands_US","WTO"
213,"Yemen","OAG"
214,"Yemen","WTO"
214,"Zambia","OAG"
215,"Zambia","WTO"
215,"Zimbabwe","OAG"
216,"Zimbabwe","WTO"
